<?xml version="1.0" encoding="UTF-8" standalone="yes"?>
<addon id="script.flirc" name="FLIRC" version="1.0.0" provider-name="spoyser">
  <requires>
    <import addon="xbmc.python" version="2.0"/>
  </requires>
  <extension point="xbmc.service" library="service.py" start="startup" />
  <extension point="xbmc.python.script" library="default.py" />
  <extension point="xbmc.addon.metadata">
    <summary lang="en">Program your FLIRC from within XBMC</summary>
    <description lang="en">Program your FLIRC from within XBMC</description>
     <platform>all</platform>
  </extension>
</addon>