<?xml version="1.0" encoding="utf-8"?>
<window>    
	<allowoverlay>no</allowoverlay>
	<coordinates>
		<system>1</system>
		<posx>0</posx>
		<posy>0</posy>
	</coordinates>
	<controls>
		<!-- Background -->
		<control type="image" id="100">
			<posx>0</posx>
			<posy>0</posy>
			<width>1280</width>
			<height>720</height>
            		<texture>minimal\background.png</texture>
            		<fadetime>500</fadetime>
		</control> 

               <control type="group">
                   <posx>20</posx>
                   <posy>210</posy>
                   <width>200</width>
                   <height>208</height>
                   <visible>true</visible>
                   <control type="button" id="105">
                       <description>Switch Controller</description>
                       <label>$ADDON[script.flirc 1105]</label>
                       <posx>0</posx>
                       <posy>0</posy>
                       <width>200</width>
                       <height>42</height> 
                       <align>center</align>
                       <texturenofocus border="10,10,10,10">buttonnofocus.png</texturenofocus>
                       <texturefocus border="10,10,10,10">buttonfocus.png</texturefocus>
                       <ondown>106</ondown>
                       <onright>106</onright>
                   </control>
                   <control type="button" id="106">
                       <description>Save Configuration</description>
                       <label>$ADDON[script.flirc 106]</label>
                       <posx>0</posx>
                       <posy>42</posy>
                       <width>200</width>
                       <height>42</height> 
                       <align>center</align>
                       <texturenofocus border="10,10,10,10">buttonnofocus.png</texturenofocus>
                       <texturefocus border="10,10,10,10">buttonfocus.png</texturefocus>
                       <onup>105</onup>
                       <onleft>105</onleft>
                       <ondown>107</ondown>
                       <onright>107</onright>
                   </control>
		   <control type="button" id="107">
                       <description>Load Config</description>
                       <label>$ADDON[script.flirc 107]</label>
                       <posx>0</posx>
                       <posy>84</posy>
                       <width>200</width>
                       <height>42</height> 
                       <align>center</align>
                       <texturenofocus border="10,10,10,10">buttonnofocus.png</texturenofocus>
                       <texturefocus border="10,10,10,10">buttonfocus.png</texturefocus>
                       <onup>106</onup>
                       <onleft>106</onleft>
                       <ondown>108</ondown>
                       <onright>108</onright>
                   </control>
		   <control type="button" id="108">
                       <description>Clear Configuration</description>
                       <label>$ADDON[script.flirc 108]</label>
                       <posx>0</posx>
                       <posy>126</posy>
                       <width>200</width>
                       <height>42</height> 
                       <align>center</align>
                       <texturenofocus border="10,10,10,10">buttonnofocus.png</texturenofocus>
                       <texturefocus border="10,10,10,10">buttonfocus.png</texturefocus>
                       <onup>107</onup>
                       <onleft>107</onleft>
                       <ondown>109</ondown>
                       <onright>109</onright>
                   </control>
		   <control type="button" id="109">
                       <description>Upgrade Firmware</description>
                       <label>$ADDON[script.flirc 109]</label>
                       <posx>0</posx>
                       <posy>168</posy>
                       <width>200</width>
                       <height>42</height> 
                       <align>center</align>
                       <texturenofocus border="10,10,10,10">buttonnofocus.png</texturenofocus>
                       <texturefocus border="10,10,10,10">buttonfocus.png</texturefocus>
                       <onup>108</onup>
                       <onleft>108</onleft>
                       <ondown>1001</ondown>
                       <onright>1012</onright>
                       <visible>false</visible>
                   </control>
                </control>

		<control type="button" id="1000">
                    <description>Hidden control used to lose focus from keyboard</description>
                    <posx>-150</posx>
                    <posy>-150</posy>
                </control>

		<control type="button" id="1001">
                    <description>Erase Button Standard</description>
                    <posx>142</posx>
                    <posy>511</posy>
                    <width>163</width>
                    <height>107</height>                   
                    <texturenofocus>blank.png</texturenofocus>
                    <texturefocus>erase.png</texturefocus>
                    <onup>1003</onup>
                    <onright>1016</onright>
                    <ondown>1011</ondown>
                    <onleft>109</onleft>
                </control>   	
		<control type="button" id="2001">
                    <description>Erase Button Hi-Lite</description>
                    <posx>142</posx>
                    <posy>511</posy>
                    <width>163</width>
                    <height>107</height>                   
                    <texturefocus>erase.png</texturefocus>
                    <texturenofocus>erase.png</texturenofocus>
                </control>
		<control type="button" id="2002">
                    <description>Stop-Erase Button</description>
                    <posx>142</posx>
                    <posy>511</posy>
                    <width>163</width>
                    <height>107</height>                   
                    <texturenofocus>stop.png</texturenofocus>
                    <texturefocus>stop.png</texturefocus>
                </control>
		<control type="button" id="1002">
                    <description>Spare</description>
                    <posx>-150</posx>
                    <posy>-150</posy>
                </control>

		<control type="button" id="1003">
                    <description>Go Button Standard</description>
                    <posx>976</posx>
                    <posy>511</posy>
                    <width>163</width>
                    <height>107</height>                   
                    <texturenofocus>blank.png</texturenofocus>
                    <texturefocus>go.png</texturefocus>
                    <onup>1016</onup>
                    <ondown>1001</ondown>
                    <onleft>1016</onleft>
                </control>   	
		<control type="button" id="2003">
                    <description>Go Button Hi-Lite</description>
                    <posx>976</posx>
                    <posy>511</posy>
                    <width>163</width>
                    <height>107</height>
                    <texturefocus>go.png</texturefocus>
                    <texturenofocus>go.png</texturenofocus>
                </control>

		<control type="button" id="2004">
                    <description>Stop-Go Button</description>
                    <posx>976</posx>
                    <posy>511</posy>
                    <width>163</width>
                    <height>107</height>
                    <texturenofocus>stop.png</texturenofocus>
                    <texturefocus>stop.png</texturefocus>
                </control>
		<control type="button" id="1004">
                    <description>Spare</description>
                    <posx>-150</posx>
                    <posy>-150</posy>
                </control>

		<control type="image" id="1005">
                    <description>Connected Image</description>
                    <posx>1007</posx>
                    <posy>631</posy>
                    <width>121</width>
                    <height>84</height> 
                    <texture>connected.png</texture>                  
                </control>                
                <control type="button" id="2005">
                    <description>Spare</description>
                    <posx>-150</posx>
                    <posy>-150</posy>
                </control>
		
		<control type="button" id="1006">
                    <description>Spare</description>
                    <posx>-150</posx>
                    <posy>-150</posy>
                </control>
                <control type="button" id="2006">
                    <description>Spare</description>
                    <posx>-150</posx>
                    <posy>-150</posy>
                </control>
		
		<control type="button" id="1007">
                    <description>Spare</description>
                    <posx>-150</posx>
                    <posy>-150</posy>
                </control>
                <control type="button" id="2007">
                    <description>Spare</description>
                    <posx>-150</posx>
                    <posy>-150</posy>
                </control>
		
		<control type="button" id="1008">
                    <description>Spare</description>
                    <posx>-150</posx>
                    <posy>-150</posy>
                </control>
                <control type="button" id="2008">
                    <description>Spare</description>
                    <posx>-150</posx>
                    <posy>-150</posy>
                </control>
		
		<control type="button" id="1009">
                    <description>Spare</description>
                    <posx>-150</posx>
                    <posy>-150</posy>
                </control>
                <control type="button" id="2009">
                    <description>Spare</description>
                    <posx>-150</posx>
                    <posy>-150</posy>
                </control>
		
		<control type="button" id="1010">
                    <description>Spare</description>
                    <posx>-150</posx>
                    <posy>-150</posy>
                </control>
                <control type="button" id="2010">
                    <description>Spare</description>
                    <posx>-150</posx>
                    <posy>-150</posy>
                </control>
		
		<control type="button" id="1011">
                    <description>Up Button Standard</description>
                    <posx>570</posx>
                    <posy>190</posy>
                    <width>132</width>
                    <height>83</height>                  
                    <texturenofocus>blank.png</texturenofocus>
                    <texturefocus>minimal\up.png</texturefocus>
                    <ondown>1015</ondown>
                    <onleft>1012</onleft>
                    <onright>1014</onright>
                    <onup>1001</onup>
                </control>   	
		<control type="button" id="2011">
                    <description>Up Button Hi-Lite</description>
                    <posx>570</posx>
                    <posy>190</posy>
                    <width>132</width>
                    <height>83</height>                    
                    <texturefocus>minimal\up.png</texturefocus>
                    <texturenofocus>minimal\up.png</texturenofocus>
                </control> 

		<control type="button" id="1012">
                    <description>Left Button Standard</description>
                    <posx>427</posx>
                    <posy>271</posy>
                    <width>129</width>
                    <height>106</height>                    
                    <texturenofocus>blank.png</texturenofocus>
                    <texturefocus>minimal\left.png</texturefocus>
                    <onright>1015</onright>
		    <onleft>109</onleft>
                </control>   	
		<control type="button" id="2012">
                    <description>Left Button Hi-Lite</description>
                    <posx>427</posx>
                    <posy>271</posy>
                    <width>129</width>
                    <height>106</height>                   
                    <texturefocus>minimal\left.png</texturefocus>
                    <texturenofocus>minimal\left.png</texturenofocus>
                </control>  

		<control type="button" id="1013">
                    <description>Down Button Standard</description>
                    <posx>552</posx>
                    <posy>383</posy>
                    <width>169</width>
                    <height>101</height>                   
                    <texturenofocus>blank.png</texturenofocus>
                    <texturefocus>minimal\down.png</texturefocus>
                    <onup>1015</onup>
                    <ondown>1016</ondown>
                    <onleft>1012</onleft>
                    <onright>1014</onright>
                </control>   	
		<control type="button" id="2013">
                    <description>Down Button Hi-Lite</description>
                    <posx>552</posx>
                    <posy>383</posy>
                    <width>169</width>
                    <height>101</height>                   
                    <texturefocus>minimal\down.png</texturefocus>
                    <texturenofocus>minimal\down.png</texturenofocus>
                </control>  

		<control type="button" id="1014">
                    <description>Right Button Standard</description>
                    <posx>721</posx>
                    <posy>271</posy>
                    <width>129</width>
                    <height>107</height>                   
                    <texturenofocus>blank.png</texturenofocus>
                    <texturefocus>minimal\right.png</texturefocus>
                    <onleft>1015</onleft>
                    <onright>1003</onright>
                </control>   	
		<control type="button" id="2014">
                    <description>Right Button Hi-Lite</description>
                    <posx>721</posx>
                    <posy>271</posy>
                    <width>129</width>
                    <height>107</height>                   
                    <texturefocus>minimal\right.png</texturefocus>
                    <texturenofocus>minimal\right.png</texturenofocus>
                </control>  	

		<control type="button" id="1015">
                    <description>Enter Button Standard</description>
                    <posx>556</posx>
                    <posy>273</posy>
                    <width>165</width>
                    <height>110</height>                    
                    <texturenofocus>blank.png</texturenofocus>
                    <texturefocus>minimal\enter.png</texturefocus>
                    <onup>1011</onup>
                    <ondown>1013</ondown>
                    <onleft>1012</onleft>
                    <onright>1014</onright>
                </control>   	
		<control type="button" id="2015">
                    <description>Enter Button Hi-Lite</description>
                    <posx>556</posx>
                    <posy>273</posy>
                    <width>165</width>
                    <height>110</height>                   
                    <texturefocus>minimal\enter.png</texturefocus>
                    <texturenofocus>minimal\enter.png</texturenofocus>
                </control>

		<control type="button" id="1016">
                    <description>Back Button Standard</description>
                    <posx>541</posx>
                    <posy>506</posy>
                    <width>195</width>
                    <height>99</height>                  
                    <texturenofocus>blank.png</texturenofocus>
                    <texturefocus>minimal\back.png</texturefocus>
                    <onup>1013</onup>
                    <ondown>1003</ondown>
                    <onright>1003</onright>
                    <onleft>1001</onleft>
                </control>   	
		<control type="button" id="2016">
                    <description>Back Button Hi-Lite</description>
                    <posx>541</posx>
                    <posy>506</posy>
                    <width>195</width>
                    <height>99</height>                
                    <texturefocus>minimal\back.png</texturefocus>
                    <texturenofocus>minimal\back.png</texturenofocus>
                </control>
		
            <control type="label" id="200">
                <description>Information Box</description>
                <posx>280</posx>
                <posy>650</posy>
                <font>font30</font>
                <width>710</width>
                <height>75</height>
                <textcolor>ffffffff</textcolor>                
                <align>center</align>
            </control> 	
            <control type="label" id="300">
                <description>Firmware Version</description>
                <posx>10</posx>
                <posy>690</posy>
                <font>font13</font>
                <width>500</width>
                <height>30</height>
                <textcolor>ffffffff</textcolor>                
                <align>left</align>
            </control>
	</controls>
</window>
